insert into PRODUCT(PRODUCT_NUMBER, PRODUCT_NAME) values('123-123-01', 'TABLE');
insert into PRODUCT(PRODUCT_NUMBER, PRODUCT_NAME) values('123-123-02', 'CHAIR');
insert into PRODUCT(PRODUCT_NUMBER, PRODUCT_NAME) values('123-123-03', 'BED');
insert into PRODUCT(PRODUCT_NUMBER, PRODUCT_NAME) values('123-123-04', 'CABINET');
insert into PRODUCT(PRODUCT_NUMBER, PRODUCT_NAME) values('123-123-05', 'LIGHT');
insert into PRODUCT(PRODUCT_NUMBER, PRODUCT_NAME) values('123-123-06', 'SOFA');
insert into PRODUCT(PRODUCT_NUMBER, PRODUCT_NAME) values('123-123-07', 'DOOR');
insert into PRODUCT(PRODUCT_NUMBER, PRODUCT_NAME) values('123-123-08', 'WINDOW');
insert into PRODUCT(PRODUCT_NUMBER, PRODUCT_NAME) values('123-123-09', 'HANDLE');
insert into PRODUCT(PRODUCT_NUMBER, PRODUCT_NAME) values('123-123-10', 'KNOB');

insert into SHOPPING_CART(CART_ID) values(1);
insert into SHOPPING_CART(CART_ID) values(2);

insert into PRODUCT_CART(PRODUCT_NUMBER,SHOPPING_CART_ID,QUANTITY) values('123-123-01',1,5);
insert into PRODUCT_CART(PRODUCT_NUMBER,SHOPPING_CART_ID,QUANTITY) values('123-123-02',1,10);
insert into PRODUCT_CART(PRODUCT_NUMBER,SHOPPING_CART_ID,QUANTITY) values('123-123-03',1,4);

insert into PRODUCT_CART(PRODUCT_NUMBER,SHOPPING_CART_ID,QUANTITY) values('123-123-05',2,5);
insert into PRODUCT_CART(PRODUCT_NUMBER,SHOPPING_CART_ID,QUANTITY) values('123-123-06',2,1);
insert into PRODUCT_CART(PRODUCT_NUMBER,SHOPPING_CART_ID,QUANTITY) values('123-123-07',2,2);
insert into PRODUCT_CART(PRODUCT_NUMBER,SHOPPING_CART_ID,QUANTITY) values('123-123-08',2,6);
insert into PRODUCT_CART(PRODUCT_NUMBER,SHOPPING_CART_ID,QUANTITY) values('123-123-09',2,9);